frame.time_epoch,ip.src,ip.dst,frame.protocols,frame.len
1686071067.327553000,10.184.0.2,125.160.228.36,sll:ethertype:ip:tcp:ssh,140
1686071067.327631000,10.184.0.2,125.160.228.36,sll:ethertype:ip:tcp:ssh,108
1686071067.329075000,10.184.0.2,125.160.228.36,sll:ethertype:ip:tcp:ssh,116
1686071067.329118000,10.184.0.2,125.160.228.36,sll:ethertype:ip:tcp:ssh,124
1686071067.329157000,10.184.0.2,125.160.228.36,sll:ethertype:ip:tcp:ssh,148
1686071067.329202000,10.184.0.2,125.160.228.36,sll:ethertype:ip:tcp:ssh,176
1686071067.333893000,125.160.228.36,10.184.0.2,sll:ethertype:ip:tcp,72
1686071067.333958000,125.160.228.36,10.184.0.2,sll:ethertype:ip:tcp,72
1686071067.333959000,125.160.228.36,10.184.0.2,sll:ethertype:ip:tcp,72
1686071067.334509000,125.160.228.36,10.184.0.2,sll:ethertype:ip:tcp,72
1686071067.354619000,125.160.228.36,10.184.0.2,sll:ethertype:ip:tcp,72
1686071067.354620000,125.160.228.36,10.184.0.2,sll:ethertype:ip:tcp,72
1686071068.791382000,10.184.0.2,169.254.169.254,sll:ethertype:ip:tcp,60
1686071068.791392000,10.184.0.2,169.254.169.254,sll:ethertype:ip:tcp,60
1686071068.791626000,169.254.169.254,10.184.0.2,sll:ethertype:ip:tcp,60
1686071068.791651000,169.254.169.254,10.184.0.2,sll:ethertype:ip:tcp,60
1686071070.187726000,79.124.62.86,10.184.0.2,sll:ethertype:ip:tcp,60
1686071070.187751000,10.184.0.2,79.124.62.86,sll:ethertype:ip:tcp,60
1686071070.486660000,79.124.62.86,10.184.0.2,sll:ethertype:ip:tcp,60
1686071073.366721000,125.160.228.36,10.184.0.2,sll:ethertype:ip:tcp:ssh,108
1686071073.367417000,10.184.0.2,125.160.228.36,sll:ethertype:ip:tcp:ssh,124
1686071073.384585000,125.160.228.36,10.184.0.2,sll:ethertype:ip:tcp,72
1686071073.544099000,10.184.0.2,125.160.228.36,sll:ethertype:ip:tcp:ssh,116
1686071073.544523000,10.184.0.2,125.160.228.36,sll:ethertype:ip:tcp:ssh,140
1686071073.564490000,125.160.228.36,10.184.0.2,sll:ethertype:ip:tcp,72
1686071073.564492000,125.160.228.36,10.184.0.2,sll:ethertype:ip:tcp,72
1686071073.571077000,10.184.0.2,125.160.228.36,sll:ethertype:ip:tcp:ssh,116
1686071073.571100000,10.184.0.2,125.160.228.36,sll:ethertype:ip:tcp:ssh,140
1686071073.594726000,125.160.228.36,10.184.0.2,sll:ethertype:ip:tcp,72
1686071073.594729000,125.160.228.36,10.184.0.2,sll:ethertype:ip:tcp,72
1686071073.794456000,10.184.0.2,125.160.228.36,sll:ethertype:ip:tcp:ssh,156
1686071073.814599000,125.160.228.36,10.184.0.2,sll:ethertype:ip:tcp,72
1686071073.860438000,10.184.0.2,169.254.169.254,sll:ethertype:ip:udp:dns,84
1686071073.860444000,10.184.0.2,169.254.169.254,sll:ethertype:ip:udp:dns,84
1686071073.862527000,169.254.169.254,10.184.0.2,sll:ethertype:ip:udp:dns,212
1686071073.862529000,169.254.169.254,10.184.0.2,sll:ethertype:ip:udp:dns,196
1686071073.865966000,10.184.0.2,74.125.68.95,sll:ethertype:ip:tcp,80
1686071073.866541000,74.125.68.95,10.184.0.2,sll:ethertype:ip:tcp,80
1686071073.866566000,10.184.0.2,74.125.68.95,sll:ethertype:ip:tcp,72
1686071073.866992000,10.184.0.2,74.125.68.95,sll:ethertype:ip:tcp:tls,448
1686071073.867100000,74.125.68.95,10.184.0.2,sll:ethertype:ip:tcp,72
1686071073.880267000,74.125.68.95,10.184.0.2,sll:ethertype:ip:tcp:tls,4759
1686071073.880283000,10.184.0.2,74.125.68.95,sll:ethertype:ip:tcp,72
1686071073.884452000,10.184.0.2,74.125.68.95,sll:ethertype:ip:tcp:tls,1306
1686071073.889678000,74.125.68.95,10.184.0.2,sll:ethertype:ip:tcp,72
1686071073.907240000,74.125.68.95,10.184.0.2,sll:ethertype:ip:tcp:tls,1480
1686071073.907240000,74.125.68.95,10.184.0.2,sll:ethertype:ip:tcp:tls,98
1686071073.907274000,10.184.0.2,74.125.68.95,sll:ethertype:ip:tcp,72
1686071073.907292000,74.125.68.95,10.184.0.2,sll:ethertype:ip:tcp:tls,99
1686071073.907354000,74.125.68.95,10.184.0.2,sll:ethertype:ip:tcp,72
1686071073.911650000,74.125.68.95,10.184.0.2,sll:ethertype:ip:tcp,72
1686071073.911659000,10.184.0.2,74.125.68.95,sll:ethertype:ip:tcp,84
1686071073.911995000,10.184.0.2,74.125.68.95,sll:ethertype:ip:tcp:tls,96
1686071073.912072000,74.125.68.95,10.184.0.2,sll:ethertype:ip:tcp,60
1686071073.920285000,10.184.0.2,169.254.169.254,sll:ethertype:ip:udp:dns,88
1686071073.920291000,10.184.0.2,169.254.169.254,sll:ethertype:ip:udp:dns,88
1686071073.922130000,169.254.169.254,10.184.0.2,sll:ethertype:ip:udp:dns,200
1686071073.922466000,169.254.169.254,10.184.0.2,sll:ethertype:ip:udp:dns,216
1686071073.922652000,10.184.0.2,142.251.223.16,sll:ethertype:ip:tcp,80
1686071073.923282000,142.251.223.16,10.184.0.2,sll:ethertype:ip:tcp,80
1686071073.923298000,10.184.0.2,142.251.223.16,sll:ethertype:ip:tcp,72
1686071073.923532000,10.184.0.2,142.251.223.16,sll:ethertype:ip:tcp:tls,452
1686071073.923638000,142.251.223.16,10.184.0.2,sll:ethertype:ip:tcp,72
1686071073.924540000,142.251.223.16,10.184.0.2,sll:ethertype:ip:tcp:tls,4383
1686071073.924548000,10.184.0.2,142.251.223.16,sll:ethertype:ip:tcp,72
1686071073.927248000,10.184.0.2,142.251.223.16,sll:ethertype:ip:tcp:tls,1557
1686071073.927379000,142.251.223.16,10.184.0.2,sll:ethertype:ip:tcp,72
1686071073.969380000,142.251.223.16,10.184.0.2,sll:ethertype:ip:tcp:tls,1480
1686071073.969382000,142.251.223.16,10.184.0.2,sll:ethertype:ip:tcp:tls,1480
1686071073.969382000,142.251.223.16,10.184.0.2,sll:ethertype:ip:tcp:tls,1480
1686071073.969382000,142.251.223.16,10.184.0.2,sll:ethertype:ip:tcp:tls,1480
1686071073.969383000,142.251.223.16,10.184.0.2,sll:ethertype:ip:tcp:tls,1480
1686071073.969383000,142.251.223.16,10.184.0.2,sll:ethertype:ip:tcp:tls,960
1686071073.969445000,142.251.223.16,10.184.0.2,sll:ethertype:ip:tcp:tls,1480
1686071073.969446000,142.251.223.16,10.184.0.2,sll:ethertype:ip:tcp:tls,1480
1686071073.969446000,142.251.223.16,10.184.0.2,sll:ethertype:ip:tcp:tls,1480
1686071073.969447000,142.251.223.16,10.184.0.2,sll:ethertype:ip:tcp:tls,1480
1686071073.969447000,142.251.223.16,10.184.0.2,sll:ethertype:ip:tcp:tls,1480
1686071073.969448000,142.251.223.16,10.184.0.2,sll:ethertype:ip:tcp:tls,1356
1686071073.969448000,142.251.223.16,10.184.0.2,sll:ethertype:ip:tcp:tls,1190
1686071073.969476000,10.184.0.2,142.251.223.16,sll:ethertype:ip:tcp,72
1686071073.983715000,10.184.0.2,125.160.228.36,sll:ethertype:ip:tcp:ssh,148
1686071073.983781000,10.184.0.2,125.160.228.36,sll:ethertype:ip:tcp:ssh,108
1686071073.984148000,10.184.0.2,142.251.223.16,sll:ethertype:ip:tcp,72
1686071073.984305000,142.251.223.16,10.184.0.2,sll:ethertype:ip:tcp,72
1686071073.984315000,10.184.0.2,142.251.223.16,sll:ethertype:ip:tcp,72
1686071073.991435000,10.184.0.2,125.160.228.36,sll:ethertype:ip:tcp:ssh,132
1686071073.997147000,10.184.0.2,125.160.228.36,sll:ethertype:ip:tcp:ssh,172
1686071074.047337000,10.184.0.2,125.160.228.36,sll:ethertype:ip:tcp,172
1686071074.055482000,125.160.228.36,10.184.0.2,sll:ethertype:ip:tcp,72
1686071074.055711000,125.160.228.36,10.184.0.2,sll:ethertype:ip:tcp,72
1686071074.056175000,125.160.228.36,10.184.0.2,sll:ethertype:ip:tcp,72
1686071074.056281000,125.160.228.36,10.184.0.2,sll:ethertype:ip:tcp,72
1686071074.063794000,125.160.228.36,10.184.0.2,sll:ethertype:ip:tcp,84
1686071077.688319000,162.142.125.187,10.184.0.2,sll:ethertype:ip:tcp,64
1686071077.688345000,10.184.0.2,162.142.125.187,sll:ethertype:ip:tcp,60
